{
    "epoch": 2.0,
    "eval_exact_match": 57.086092715231786,
    "eval_f1": 69.06880188067841,
    "eval_runtime": 12.9817,
    "eval_samples": 755,
    "eval_samples_per_second": 58.159,
    "eval_steps_per_second": 1.849,
    "total_flos": 3.471379672589107e+16,
    "train_loss": 0.8559691598477391,
    "train_runtime": 7421.5853,
    "train_samples": 88568,
    "train_samples_per_second": 23.868,
    "train_steps_per_second": 1.492
}