{
    "epoch": 3.0,
    "total_flos": 5.207069508883661e+16,
    "train_loss": 0.7852603823003971,
    "train_runtime": 7747.2165,
    "train_samples": 88568,
    "train_samples_per_second": 34.297,
    "train_steps_per_second": 2.144
}