{
  "best_metric": null,
  "best_model_checkpoint": null,
  "epoch": 2.0,
  "eval_steps": 500,
  "global_step": 978,
  "is_hyper_param_search": false,
  "is_local_process_zero": true,
  "is_world_process_zero": true,
  "log_history": [
    {
      "epoch": 1.0,
      "eval_accuracy": 0.9398582551407466,
      "eval_f1": 0.8656405508621687,
      "eval_loss": 0.2411678582429886,
      "eval_precision": 0.860165593376265,
      "eval_recall": 0.8711856510598649,
      "eval_runtime": 57.6323,
      "eval_samples_per_second": 33.922,
      "eval_steps_per_second": 3.401,
      "step": 489
    },
    {
      "epoch": 1.02,
      "grad_norm": 3.492645263671875,
      "learning_rate": 2.4437627811860943e-05,
      "loss": 0.3936,
      "step": 500
    },
    {
      "epoch": 2.0,
      "eval_accuracy": 0.9476941505290477,
      "eval_f1": 0.8843395789960676,
      "eval_loss": 0.20459040999412537,
      "eval_precision": 0.8782448885825868,
      "eval_recall": 0.8905194502678779,
      "eval_runtime": 58.7684,
      "eval_samples_per_second": 33.266,
      "eval_steps_per_second": 3.335,
      "step": 978
    },
    {
      "epoch": 2.0,
      "step": 978,
      "total_flos": 190798547408400.0,
      "train_loss": 0.2960780715162281,
      "train_runtime": 211.5298,
      "train_samples_per_second": 73.938,
      "train_steps_per_second": 4.623
    }
  ],
  "logging_steps": 500,
  "max_steps": 978,
  "num_input_tokens_seen": 0,
  "num_train_epochs": 2,
  "save_steps": 500,
  "total_flos": 190798547408400.0,
  "train_batch_size": 16,
  "trial_name": null,
  "trial_params": null
}
