{
    "epoch": 2.0,
    "eval_exact_match": 54.56953642384106,
    "eval_f1": 66.47434095295986,
    "eval_runtime": 9.2738,
    "eval_samples": 755,
    "eval_samples_per_second": 81.412,
    "eval_steps_per_second": 2.588,
    "total_flos": 3.471379672589107e+16,
    "train_loss": 0.8879408969010921,
    "train_runtime": 4291.133,
    "train_samples": 88568,
    "train_samples_per_second": 41.28,
    "train_steps_per_second": 2.58
}