{
    "eval_exact_match": 60.13245033112583,
    "eval_f1": 71.94616696683688,
    "eval_runtime": 8.9236,
    "eval_samples": 755,
    "eval_samples_per_second": 84.607,
    "eval_steps_per_second": 2.689
}