{
    "epoch": 2.0,
    "total_flos": 3.471379672589107e+16,
    "train_loss": 0.8630633388640564,
    "train_runtime": 4951.3712,
    "train_samples": 88568,
    "train_samples_per_second": 35.775,
    "train_steps_per_second": 2.236
}