{
    "epoch": 2.0,
    "total_flos": 3.471379672589107e+16,
    "train_loss": 0.8727855368845725,
    "train_runtime": 5054.1699,
    "train_samples": 88568,
    "train_samples_per_second": 35.047,
    "train_steps_per_second": 2.191
}