{
    "epoch": 4.0,
    "eval_accuracy": 0.9828528515999833,
    "eval_f1": 0.7969483568075117,
    "eval_loss": 0.053757309913635254,
    "eval_precision": 0.7404580152671756,
    "eval_recall": 0.8627700127064803,
    "eval_runtime": 2.8125,
    "eval_samples": 924,
    "eval_samples_per_second": 328.533,
    "eval_steps_per_second": 33.067,
    "total_flos": 738445090033638.0,
    "train_loss": 0.04068113565444946,
    "train_runtime": 240.0636,
    "train_samples": 5433,
    "train_samples_per_second": 452.63,
    "train_steps_per_second": 28.326
}