{
    "eval_exact_match": 60.794701986754966,
    "eval_f1": 72.08552670835438,
    "eval_runtime": 9.3528,
    "eval_samples": 755,
    "eval_samples_per_second": 80.725,
    "eval_steps_per_second": 2.566
}